product_id,store_id,run_date,rolling_sales_7d,rolling_sales_30d,sales_velocity_ratio,avg_daily_sales,seasonality_index,current_stock,reorder_level,days_of_stock,stock_to_sales_ratio,days_to_expiry,expiry_risk_score,return_rate_30d,category_avg_return_rate,pain_points_triggered,composite_risk_score,tft_forecast_7d
1,1,2026-02-28,695.0,2847.0,1.04621405991269,94.9,0.9790552784633174,1674,382,17.639620653319284,2.40863309352518,244,0.33150684931506846,0.0007024938531787847,0.004566701893120868,[],0.1649,650.3864214831818
2,1,2026-02-28,50.0,218.0,0.9829619921363041,7.266666666666667,1.0108741504569956,70,28,9.63302752293578,1.4,225,0.3835616438356164,0.0045871559633027525,0.004566701893120868,[],0.1959,51.41979845324584
3,1,2026-02-28,13.0,57.0,0.9774436090225563,1.9,1.1415538132573055,18,9,9.473684210526317,1.3846153846153846,129,0.6465753424657534,0.017543859649122806,0.004566701893120868,[],0.291,15.182665716322163
4,1,2026-02-28,24.0,89.0,1.1556982343499196,2.966666666666667,0.9057162071284466,34,10,11.46067415730337,1.4166666666666667,9999,0.0,0.0,0.004566701893120868,[],0.0278,18.808706568034072
5,1,2026-02-28,74.0,323.0,0.9818664307828394,10.766666666666667,0.9746251441753173,109,40,10.123839009287925,1.472972972972973,9999,0.0,0.0,0.004566701893120868,[],0.0612,73.45424836601309
6,1,2026-02-28,562.0,2670.0,0.9020866773675762,89.0,1.1023955111143082,1784,367,20.04494382022472,3.1743772241992882,143,0.6082191780821917,0.0,0.0,[],0.2894,686.7924034242141
7,1,2026-02-28,33.0,141.0,1.0030395136778116,4.7,1.0297662976629764,55,16,11.702127659574467,1.6666666666666667,333,0.0876712328767123,0.0,0.0,[],0.0878,33.879311193111924
8,1,2026-02-28,14.0,61.0,0.9836065573770492,2.033333333333333,1.1919951485748939,15,11,7.3770491803278695,1.0714285714285714,194,0.46849315068493147,0.0,0.0,[],0.3044,16.966064281382653
9,1,2026-02-28,15.0,64.0,1.0044642857142856,2.1333333333333333,1.2146500271296798,49,12,22.96875,3.2666666666666666,486,0.09999999999999998,0.0,0.0,[],0.0918,18.138773738469887
10,1,2026-02-28,12.0,47.0,1.094224924012158,1.5666666666666667,1.1449765258215963,88,7,56.170212765957444,7.333333333333333,472,0.12592592592592589,0.0,0.0,[],0.0836,12.556575899843505
11,1,2026-02-28,47.0,197.0,1.0224800580130529,6.566666666666666,1.05262211567276,120,22,18.274111675126903,2.5531914893617023,23,0.7444444444444445,0.0,0.0,[],0.3139,48.385529917091205
12,1,2026-02-28,7.0,32.0,0.9375,1.0666666666666667,1.2107296137339056,22,6,20.625,3.142857142857143,30,0.6666666666666667,0.0,0.0,[],0.303,9.040114449213162
13,1,2026-02-28,80.0,304.0,1.1278195488721803,10.133333333333333,1.0868421052631578,165,39,16.282894736842106,2.0625,196,0.46301369863013697,0.0,0.0,[],0.1952,77.09333333333333
14,1,2026-02-28,23.0,95.0,1.037593984962406,3.1666666666666665,1.069539666993144,36,13,11.368421052631579,1.565217391304348,53,0.1166666666666667,0.0,0.0,[],0.0913,23.708129285014692
15,1,2026-02-28,102.0,461.0,0.9482491478153083,15.366666666666667,1.0495104895104894,273,61,17.765726681127983,2.676470588235294,333,0.0876712328767123,0.010845986984815618,0.0074905597958106725,[],0.1,112.89234498834497
16,1,2026-02-28,151.0,623.0,1.0387525796835588,20.766666666666666,0.9189785258270458,344,68,16.565008025682182,2.2781456953642385,9999,0.0,0.0,0.0074905597958106725,[],0.0502,133.5888450377249
17,1,2026-02-28,209.0,910.0,0.9843014128728413,30.333333333333332,1.0118537770495508,262,117,8.637362637362637,1.2535885167464116,263,0.2794520547945205,0.002197802197802198,0.0074905597958106725,[],0.1588,214.85028532685462
18,1,2026-02-28,111.0,469.0,1.0143161742308864,15.633333333333333,1.050199397737446,715,81,45.73560767590619,6.441441441441442,260,0.28767123287671237,0.0,0.0074905597958106725,[],0.1556,114.92682075906784
19,1,2026-02-28,157.0,707.0,0.9517074156395231,23.566666666666666,1.0440117560617193,379,126,16.082036775106083,2.4140127388535033,194,0.46849315068493147,0.002828854314002829,0.0074905597958106725,[],0.2314,172.22713935831496
20,1,2026-02-28,295.0,1324.0,0.9548985757444972,44.13333333333333,1.032315173619026,496,174,11.238670694864048,1.6813559322033897,183,0.4986301369863013,0.0022658610271903325,0.0074905597958106725,[],0.2412,318.91656763670443
21,1,2026-02-28,21.0,95.0,0.9473684210526315,3.1666666666666665,1.044885177453027,49,13,15.473684210526317,2.3333333333333335,348,0.046575342465753455,0.0,0.0074905597958106725,[],0.0841,23.161621433542095
22,1,2026-02-28,69.0,301.0,0.9824394874228761,10.033333333333333,0.9213817748659917,82,33,8.172757475083056,1.1884057971014492,9999,0.0,0.0033222591362126247,0.0074905597958106725,[],0.0616,64.71171332142148
23,1,2026-02-28,19.0,78.0,1.0439560439560438,2.6,1.0170588235294118,18,11,6.9230769230769225,0.9473684210526315,360,0.013698630136986356,0.0,0.0074905597958106725,[],0.0995,18.510470588235293
24,1,2026-02-28,1732.0,7063.0,1.0509496167148722,235.43333333333334,1.0496352203017565,463,943,1.966586436358488,0.26732101616628173,198,0.4575342465753425,0.0004247486903582047,0.0074905597958106725,"[""LOW_STOCK""]",0.3967,1729.8338308979714
25,1,2026-02-28,7.0,35.0,0.8571428571428572,1.1666666666666667,1.0389398572884812,20,6,17.142857142857142,2.857142857142857,103,0.7178082191780821,0.0,0.0074905597958106725,[],0.3364,8.484675501189264
26,1,2026-02-28,14.0,65.0,0.9230769230769231,2.1666666666666665,1.0412225705329152,31,8,14.307692307692308,2.2142857142857144,412,0.43561643835616437,0.015384615384615385,0.0074905597958106725,[],0.2273,15.791875653082547
27,1,2026-02-28,29.0,117.0,1.0622710622710623,3.9,0.925287356321839,53,15,13.58974358974359,1.8275862068965518,170,0.5342465753424658,0.0,0.0074905597958106725,[],0.2327,25.260344827586206
28,1,2026-02-28,37.0,158.0,1.0036166365280288,5.266666666666667,1.0247471341874577,27,20,5.1265822784810124,0.7297297297297297,297,0.1863013698630137,0.0,0.0074905597958106725,[],0.2035,37.77901101371094
29,1,2026-02-28,12.0,47.0,1.094224924012158,1.5666666666666667,1.1149266609145816,14,8,8.936170212765958,1.1666666666666667,108,0.4,0.0,0.0074905597958106725,[],0.2108,12.227029048029912
30,1,2026-02-28,9.0,47.0,0.8206686930091185,1.5666666666666667,1.0207407407407407,21,6,13.404255319148936,2.3333333333333335,302,0.17260273972602735,0.0425531914893617,0.0074905597958106725,[],0.159,11.194123456790123
31,1,2026-02-28,73.0,302.0,1.0359508041627248,10.066666666666666,0.963486312399356,59,33,5.860927152317881,0.8082191780821918,59,0.6722222222222223,0.0,0.0074905597958106725,[],0.3126,67.89366881374129
32,1,2026-02-28,14.0,58.0,1.0344827586206897,1.9333333333333333,1.0276867030965393,19,7,9.827586206896552,1.3571428571428572,293,0.1972602739726027,0.034482758620689655,0.0074905597958106725,[],0.1253,13.908026715239831
33,1,2026-02-28,87.0,344.0,1.0838870431893688,11.466666666666667,0.9465356598339826,98,39,8.546511627906977,1.1264367816091954,204,0.7205479452054795,0.0029069767441860465,0.0074905597958106725,[],0.2942,75.97526229600767
34,1,2026-02-28,11.0,45.0,1.0476190476190474,1.5,1.0247747747747749,25,6,16.666666666666668,2.272727272727273,708,0.03013698630136985,0.0,0.0074905597958106725,[],0.0591,10.760135135135137
35,1,2026-02-28,8.0,35.0,0.9795918367346939,1.1666666666666667,1.0445916114790286,0,6,0.0,0.0,113,0.6904109589041096,0.0,0.0074905597958106725,"[""LOW_STOCK""]",0.5533,8.530831493745401
36,1,2026-02-28,31.0,129.0,1.0299003322259137,4.3,0.9797716150081567,53,16,12.325581395348838,1.7096774193548387,70,0.6111111111111112,0.0,0.0074905597958106725,[],0.2658,29.491125611745513
37,1,2026-02-28,92.0,410.0,0.9616724738675958,13.666666666666666,0.9935993975903614,240,53,17.5609756097561,2.608695652173913,7,0.9808219178082191,0.0,0.0074905597958106725,"[""NEAR_EXPIRY""]",0.4084,95.0543423694779
38,1,2026-02-28,20.0,89.0,0.9630818619582664,2.966666666666667,0.9642384105960264,26,10,8.764044943820224,1.3,323,0.1150684931506849,0.0,0.0074905597958106725,[],0.1051,20.024017660044148
39,1,2026-02-28,10.0,47.0,0.9118541033434651,1.5666666666666667,0.9745649263721552,25,5,15.957446808510639,2.5,288,0.21095890410958906,0.0,0.0074905597958106725,[],0.1485,10.687728692547969
40,1,2026-02-28,18.0,74.0,1.0424710424710426,2.466666666666667,0.9851492019430951,44,10,17.83783783783784,2.4444444444444446,322,0.11780821917808215,0.0,0.0074905597958106725,[],0.0908,17.010242886884107
41,1,2026-02-28,5.0,27.0,0.7936507936507936,0.9,0.9910891089108911,2,5,2.2222222222222223,0.4,280,0.23287671232876717,0.0,0.0074905597958106725,"[""LOW_STOCK""]",0.3789,6.243861386138613
42,1,2026-02-28,7.0,30.0,1.0,1.0,1.0172205438066466,18,5,18.0,2.5714285714285716,120,0.33333333333333337,0.0,0.0074905597958106725,[],0.1744,7.120543806646526
43,1,2026-02-28,7.0,31.0,0.9677419354838709,1.0333333333333334,1.099523052464229,7,5,6.774193548387096,1.0,209,0.4273972602739726,0.0,0.0074905597958106725,[],0.2885,7.953216746157924
44,1,2026-02-28,9.0,35.0,1.1020408163265305,1.1666666666666667,0.9674418604651162,8,5,6.857142857142857,0.8888888888888888,126,0.6547945205479452,0.0,0.0074905597958106725,[],0.3172,7.90077519379845
45,1,2026-02-28,7.0,32.0,0.9375,1.0666666666666667,0.9942992874109264,16,6,15.0,2.2857142857142856,282,0.22739726027397256,0.03125,0.0074905597958106725,[],0.154,7.424101346001584
46,1,2026-02-28,3.0,12.0,1.0714285714285714,0.4,1.1222520107238607,12,5,30.0,4.0,221,0.3945205479452055,0.0,0.0074905597958106725,[],0.182,3.14230563002681
47,1,2026-02-28,52.0,234.0,0.9523809523809523,7.8,1.0023888520238886,87,30,11.153846153846153,1.6730769230769231,368,0.49589041095890407,0.0,0.0,[],0.2404,54.73043132050432
48,1,2026-02-28,9847.0,41589.0,1.0147257344833627,1386.3,1.011072101078162,2161,5298,1.5588256510134892,0.219457702853661,607,0.16849315068493154,0.0,0.0,"[""LOW_STOCK""]",0.3128,9811.544776072593
49,1,2026-02-28,7.0,31.0,0.9677419354838709,1.0333333333333334,1.0079113924050633,20,5,19.354838709677416,2.857142857142857,4,0.9945205479452055,0.0,0.0,"[""NEAR_EXPIRY""]",0.412,7.290559071729959
50,1,2026-02-28,55.0,237.0,0.9945750452079566,7.9,0.9467353020861555,123,24,15.569620253164556,2.2363636363636363,180,0.5068493150684932,0.0,0.0,[],0.2361,52.354462205364406
51,1,2026-02-28,15.0,64.0,1.0044642857142856,2.1333333333333333,1.0905177428737638,37,11,17.34375,2.466666666666667,97,0.19166666666666665,0.0,0.014813203194260464,[],0.1239,16.285064960248206
52,1,2026-02-28,1375.0,5445.0,1.0822510822510822,181.5,1.1102966636344964,1905,899,10.49586776859504,1.3854545454545455,79,0.12222222222222223,0.0,0.014813203194260464,[],0.0847,1410.6319111476278
53,1,2026-02-28,16.0,67.0,1.023454157782516,2.2333333333333334,1.0383048084759576,15,8,6.716417910447761,0.9375,39,0.5666666666666667,0.0,0.014813203194260464,[],0.2671,16.23216517250747
54,1,2026-02-28,46.0,201.0,0.9808102345415779,6.7,0.8785063752276867,37,22,5.522388059701492,0.8043478260869565,1,0.9916666666666667,0.0,0.014813203194260464,"[""NEAR_EXPIRY""]",0.4482,41.20194899817851
55,1,2026-02-28,27.0,104.0,1.1126373626373627,3.466666666666667,0.9584952978056426,28,11,8.076923076923077,1.037037037037037,91,0.2416666666666667,0.028846153846153848,0.014813203194260464,[],0.1249,23.259485893416926
56,1,2026-02-28,96.0,407.0,1.010881010881011,13.566666666666666,0.9551811540181898,176,44,12.972972972972974,1.8333333333333333,45,0.5,0.0,0.014813203194260464,[],0.2306,90.71037025992743
57,1,2026-02-28,26.0,107.0,1.041388518024032,3.566666666666667,0.947277108433735,36,14,10.093457943925234,1.3846153846153846,109,0.3944444444444445,0.0,0.014813203194260464,[],0.1878,23.65035180722892
58,1,2026-02-28,5.0,26.0,0.8241758241758242,0.8666666666666667,1.0202531645569621,20,5,23.076923076923077,4.0,118,0.34444444444444444,0.038461538461538464,0.014813203194260464,[],0.2178,6.189535864978903
59,1,2026-02-28,52.0,227.0,0.9817495280050346,7.566666666666666,0.9388100436681223,338,24,44.669603524229075,6.5,56,0.37777777777777777,0.022026431718061675,0.014813203194260464,[],0.1967,49.72563864628821
60,1,2026-02-28,8.0,32.0,1.0714285714285714,1.0666666666666667,1.0026711185308848,0,5,0.0,0.0,105,0.41666666666666663,0.0625,0.014813203194260464,"[""LOW_STOCK""]",0.4492,7.48661101836394
61,1,2026-02-28,20.0,90.0,0.9523809523809523,3.0,0.9843380281690142,56,12,18.666666666666668,2.8,79,0.12222222222222223,0.011111111111111112,0.014813203194260464,[],0.1113,20.6710985915493
62,1,2026-02-28,151.0,679.0,0.9530822638333684,22.633333333333333,0.960938645807871,130,81,5.743740795287187,0.8609271523178808,131,0.27222222222222225,0.0,0.009009009009009009,[],0.2114,152.24471278416036
63,1,2026-02-28,8.0,37.0,0.9266409266409267,1.2333333333333334,1.1066417212347988,21,7,17.027027027027025,2.625,171,0.050000000000000044,0.02702702702702703,0.009009009009009009,[],0.0934,9.554006859993763
64,1,2026-02-28,8.0,31.0,1.1059907834101381,1.0333333333333334,1.0587257617728532,12,5,11.61290322580645,1.5,54,0.7,0.0,0.009009009009009009,[],0.2823,7.658116343490305
65,1,2026-02-28,70.0,323.0,0.9287925696594427,10.766666666666667,0.9502008032128514,149,41,13.839009287925695,2.1285714285714286,728,0.002739726027397249,0.0,0.003125,[],0.0723,71.6134672021419
66,1,2026-02-28,34.0,158.0,0.9222423146473779,5.266666666666667,0.985036612543776,54,21,10.253164556962025,1.588235294117647,613,0.16027397260273968,0.0,0.003125,[],0.1287,36.31501644911388
67,1,2026-02-28,11.0,58.0,0.8128078817733989,1.9333333333333333,0.9595505617977528,19,8,9.827586206896552,1.7272727272727273,670,0.0821917808219178,0.0,0.003125,[],0.1225,12.985917602996254
68,1,2026-02-28,15.0,64.0,1.0044642857142856,2.1333333333333333,0.9929745889387144,4,9,1.875,0.26666666666666666,646,0.1150684931506849,0.03125,0.003125,"[""LOW_STOCK""]",0.2962,14.828420528151469
69,1,2026-02-28,24.0,102.0,1.0084033613445378,3.4,1.0200589970501475,53,13,15.588235294117647,2.2083333333333335,407,0.44246575342465755,0.0,0.003125,[],0.2109,24.27740412979351
70,1,2026-02-28,15.0,76.0,0.8458646616541353,2.533333333333333,1.1080475857242826,97,9,38.28947368421053,6.466666666666667,430,0.410958904109589,0.0,0.003125,[],0.2312,19.649377186843946
71,1,2026-02-28,17.0,75.0,0.9714285714285713,2.5,1.0559726962457339,105,10,42.0,6.176470588235294,523,0.28356164383561644,0.0,0.003125,[],0.1624,18.479522184300343
72,1,2026-02-28,57.0,240.0,1.0178571428571428,8.0,1.0002155172413794,6,31,0.75,0.10526315789473684,584,0.19999999999999996,0.0,0.003125,"[""LOW_STOCK""]",0.3501,56.012068965517244
73,1,2026-02-28,38.0,169.0,0.9636517328825022,5.633333333333334,0.9564314084937366,111,22,19.704142011834318,2.9210526315789473,551,0.24520547945205484,0.0,0.003125,[],0.1505,37.71527854160302
74,1,2026-02-28,32.0,153.0,0.896358543417367,5.1,1.0326664480157428,293,20,57.450980392156865,9.15625,472,0.35342465753424657,0.0,0.003125,[],0.2013,36.86619219416201
75,1,2026-02-28,85.0,330.0,1.103896103896104,11.0,0.8755675675675677,144,37,13.090909090909092,1.6941176470588235,259,0.2904109589041096,0.0,0.012554216158053338,[],0.1394,67.41870270270272
76,1,2026-02-28,7.0,30.0,1.0,1.0,1.129655172413793,12,5,12.0,1.7142857142857142,241,0.3397260273972603,0.0,0.012554216158053338,[],0.1766,7.907586206896552
77,1,2026-02-28,12.0,58.0,0.8866995073891625,1.9333333333333333,1.0323879231473012,11,7,5.689655172413793,0.9166666666666666,157,0.5698630136986301,0.017241379310344827,0.012554216158053338,[],0.3351,13.971649893260143
78,1,2026-02-28,26.0,114.0,0.9774436090225563,3.8,0.9532397408207344,67,12,17.63157894736842,2.576923076923077,446,0.17407407407407405,0.02631578947368421,0.012554216158053338,[],0.1269,25.35617710583153
79,1,2026-02-28,21.0,91.0,0.989010989010989,3.033333333333333,0.937883008356546,43,9,14.175824175824177,2.0476190476190474,168,0.5397260273972603,0.01098901098901099,0.012554216158053338,[],0.2504,19.914382544103994
80,1,2026-02-28,65.0,267.0,1.043338683788122,8.9,1.149843912591051,151,44,16.96629213483146,2.3230769230769233,313,0.1424657534246575,0.0,0.012554216158053338,[],0.0992,71.63527575442248
81,1,2026-02-28,7.0,30.0,1.0,1.0,1.0289752650176678,12,5,12.0,1.7142857142857142,127,0.2944444444444444,0.03333333333333333,0.012554216158053338,[],0.1657,7.202826855123675
82,1,2026-02-28,306.0,1210.0,1.0838252656434475,40.333333333333336,0.934783753885055,673,125,16.68595041322314,2.1993464052287583,115,0.6849315068493151,0.0,0.007625272331154685,[],0.2813,263.9206131802139
83,1,2026-02-28,37.0,171.0,0.9273182957393483,5.7,0.9155068078668684,34,17,5.964912280701754,0.918918918918919,180,0.5068493150684932,0.0,0.007625272331154685,[],0.2491,36.52872163388805
84,1,2026-02-28,20.0,85.0,1.0084033613445378,2.8333333333333335,0.9210263720598716,46,9,16.235294117647058,2.3,188,0.4849315068493151,0.03529411764705882,0.007625272331154685,[],0.2311,18.26702304585412
85,1,2026-02-28,7.0,30.0,1.0,1.0,1.044521739130435,6,5,6.0,0.8571428571428571,188,0.4849315068493151,0.03333333333333333,0.007625272331154685,[],0.3324,7.3116521739130445
86,1,2026-02-28,134.0,601.0,0.9555502733539338,20.033333333333335,1.0023591310251188,306,78,15.274542429284525,2.283582089552239,111,0.6958904109589041,0.0,0.007625272331154685,[],0.3098,140.56416214075583
87,1,2026-02-28,8.0,35.0,0.9795918367346939,1.1666666666666667,1.0833333333333333,8,5,6.857142857142857,1.0,100,0.726027397260274,0.0,0.007625272331154685,[],0.3657,8.847222222222223
88,1,2026-02-28,7.0,29.0,1.0344827586206897,0.9666666666666667,0.9921635434412266,21,5,21.724137931034484,3.0,262,0.28219178082191776,0.0,0.007625272331154685,[],0.1498,6.713639977285633
89,1,2026-02-28,14.0,61.0,0.9836065573770492,2.033333333333333,0.9434125269978403,10,6,4.918032786885246,0.7142857142857143,337,0.0767123287671233,0.0,0.007625272331154685,[],0.1294,13.427904967602593
90,1,2026-02-28,7.0,30.0,1.0,1.0,1.0077181208053694,6,5,6.0,0.8571428571428571,278,0.23835616438356166,0.0,0.007625272331154685,[],0.2411,7.054026845637585
91,1,2026-02-28,57.0,262.0,0.9323882224645583,8.733333333333333,1.036510067114094,100,34,11.450381679389315,1.7543859649122806,686,0.37351598173515976,0.011450381679389313,0.021961306999474937,[],0.2031,63.36531543624161
92,1,2026-02-28,16.0,75.0,0.9142857142857144,2.5,1.1258796821793415,56,12,22.4,3.5,510,0.5342465753424658,0.02666666666666667,0.021961306999474937,[],0.2652,19.702894438138475
93,1,2026-02-28,7.0,30.0,1.0,1.0,1.005704099821747,7,5,7.0,1.0,1,0.9990867579908675,0.0,0.021961306999474937,"[""NEAR_EXPIRY""]",0.4824,7.039928698752229
94,1,2026-02-28,4.0,14.0,1.2244897959183672,0.4666666666666667,0.6499999999999999,6,5,12.857142857142858,1.5,933,0.147945205479452,0.07142857142857142,0.021961306999474937,[],0.177,2.123333333333333
95,1,2026-02-28,211.0,962.0,0.9400059400059401,32.06666666666667,1.0645010242903132,395,158,12.318087318087317,1.872037914691943,290,0.7351598173515982,0.0,0.021961306999474937,[],0.3265,238.94499658569902
96,1,2026-02-28,11.0,45.0,1.0476190476190474,1.5,0.9978545887961859,29,6,19.333333333333332,2.6363636363636362,352,0.6785388127853882,0.022222222222222223,0.021961306999474937,[],0.2894,10.477473182359953
97,1,2026-02-28,17.0,72.0,1.0119047619047619,2.4,0.9855133614627286,46,9,19.166666666666668,2.7058823529411766,140,0.7407407407407407,0.0,0.0,[],0.3147,16.55662447257384
98,1,2026-02-28,43.0,193.0,0.9548482605477423,6.433333333333334,0.9408993576017132,49,22,7.6165803108808285,1.1395348837209303,310,0.42592592592592593,0.0,0.0,[],0.2154,42.37183440399715
99,1,2026-02-28,14.0,61.0,0.9836065573770492,2.033333333333333,0.963529411764706,43,8,21.147540983606557,3.0714285714285716,235,0.5648148148148149,0.0,0.0,[],0.2585,13.714235294117648
100,1,2026-02-28,17.0,78.0,0.9340659340659341,2.6,0.9740061162079512,32,9,12.307692307692307,1.8823529411764706,12,0.9777777777777777,0.0,0.0,"[""NEAR_EXPIRY""]",0.4126,17.72691131498471
101,1,2026-02-28,6.0,27.0,0.9523809523809523,0.9,1.044521739130435,14,5,15.555555555555555,2.3333333333333335,340,0.37037037037037035,0.0,0.0,[],0.1965,6.58048695652174
102,1,2026-02-28,0.0,7.0,0.0,0.23333333333333334,1.3093525179856116,12,5,51.42857142857143,9999.0,34,0.6222222222222222,0.0,0.0,[],0.4678,2.1386091127098323
103,1,2026-02-28,64.0,281.0,0.9761057447890187,9.366666666666667,0.7429329523420758,276,65,29.466192170818506,4.3125,360,0.013698630136986356,0.010676156583629894,0.005798669499737115,[],0.0687,48.71163724189543
104,1,2026-02-28,23.0,92.0,1.0714285714285714,3.066666666666667,0.7150263264479546,52,16,16.956521739130434,2.260869565217391,6,0.9835616438356164,0.0,0.005798669499737115,"[""NEAR_EXPIRY""]",0.3882,15.349231807749426
105,1,2026-02-28,28.0,117.0,1.0256410256410255,3.9,0.6884507042253522,85,16,21.794871794871796,3.0357142857142856,214,0.41369863013698627,0.017094017094017096,0.005798669499737115,[],0.2001,18.794704225352113
106,1,2026-02-28,6.0,27.0,0.9523809523809523,0.9,0.8033103448275862,0,5,0.0,0.0,148,0.5945205479452055,0.0,0.005798669499737115,"[""LOW_STOCK""]",0.5249,5.060855172413793
107,1,2026-02-28,18.0,78.0,0.989010989010989,2.6,0.7764619345347554,41,18,15.769230769230768,2.2777777777777777,253,0.3068493150684931,0.01282051282051282,0.005798669499737115,[],0.1691,14.131607208532548
108,1,2026-02-28,106.0,451.0,1.0072853975293,15.033333333333333,0.6959781482528021,343,70,22.815964523281597,3.2358490566037736,341,0.0657534246575342,0.0,0.005798669499737115,[],0.0793,73.24010046780322
109,1,2026-02-28,17.0,64.0,1.1383928571428572,2.1333333333333333,0.7794747474747474,87,16,40.78125,5.117647058823529,339,0.07123287671232881,0.0,0.005798669499737115,[],0.056,11.64015622895623
110,1,2026-02-28,19.0,80.0,1.0178571428571428,2.6666666666666665,0.9153061224489796,38,9,14.25,2.0,842,0.23105022831050226,0.0,0.0,[],0.1351,17.085714285714282
111,1,2026-02-28,37.0,154.0,1.0296846011131724,5.133333333333334,1.0222783212369833,16,21,3.1168831168831166,0.43243243243243246,385,0.6484018264840183,0.0,0.017857142857142856,"[""LOW_STOCK""]",0.4337,36.73386767644894
112,1,2026-02-28,10.0,47.0,0.9118541033434651,1.5666666666666667,0.967833981841764,12,5,7.659574468085107,1.2,485,0.5570776255707763,0.0,0.017857142857142856,[],0.2696,10.613912667531345
113,1,2026-02-28,20.0,84.0,1.0204081632653061,2.8,0.9418367346938776,33,9,11.785714285714286,1.65,897,0.1808219178082192,0.011904761904761904,0.017857142857142856,[],0.1188,18.46
114,1,2026-02-28,7.0,31.0,0.9677419354838709,1.0333333333333334,1.0144262295081967,20,5,19.354838709677416,2.857142857142857,728,0.33515981735159817,0.06451612903225806,0.02150537634408602,[],0.1909,7.33768306010929
115,1,2026-02-28,13.0,54.0,1.0317460317460316,1.8,1.059652706843718,24,6,13.333333333333332,1.8461538461538463,598,0.45388127853881277,0.0,0.02150537634408602,[],0.2104,13.351624106230847
116,1,2026-02-28,20.0,88.0,0.974025974025974,2.933333333333333,0.9634062140391255,50,11,17.045454545454547,2.5,468,0.5726027397260274,0.0,0.02150537634408602,[],0.2631,19.781940928270043
117,1,2026-02-28,8.0,38.0,0.9022556390977443,1.2666666666666666,1.2892364305427784,31,7,24.47368421052632,3.875,618,0.43561643835616437,0.02631578947368421,0.02007136485280999,[],0.2329,11.431229684145968
118,1,2026-02-28,7.0,30.0,1.0,1.0,1.024390243902439,8,5,8.0,1.1428571428571428,729,0.3342465753424657,0.0,0.0,[],0.2247,7.170731707317073
119,1,2026-02-28,11.0,44.0,1.0714285714285714,1.4666666666666666,0.9923433874709977,15,6,10.227272727272728,1.3636363636363635,9999,0.0,0.0,0.0,[],0.044,10.188058778035575
120,1,2026-02-28,15.0,59.0,1.0895883777239708,1.9666666666666666,0.6861341853035143,23,10,11.694915254237289,1.5333333333333334,89,0.5055555555555555,0.0,0.002347417840375587,[],0.2174,9.44578061767838
121,1,2026-02-28,17.0,71.0,1.0261569416498992,2.3666666666666667,0.7403003754693367,16,11,6.76056338028169,0.9411764705882353,48,0.7333333333333334,0.014084507042253521,0.002347417840375587,[],0.3796,12.264309553608678
122,1,2026-02-28,7.0,30.0,1.0,1.0,0.7482758620689656,8,5,8.0,1.1428571428571428,149,0.17222222222222228,0.0,0.002347417840375587,[],0.168,5.237931034482759
123,1,2026-02-28,6.0,29.0,0.8866995073891625,0.9666666666666667,0.7866822429906543,10,6,10.344827586206897,1.6666666666666667,188,0.4849315068493151,0.0,0.002347417840375587,[],0.2909,5.3232165109034275
124,1,2026-02-28,4.0,20.0,0.8571428571428572,0.6666666666666666,0.7583333333333332,10,5,15.0,2.5,300,0.17808219178082196,0.0,0.002347417840375587,[],0.1475,3.538888888888888
125,1,2026-02-28,5.0,26.0,0.8241758241758242,0.8666666666666667,0.7913043478260869,10,5,11.538461538461538,2.0,53,0.7055555555555555,0.0,0.002347417840375587,[],0.3384,4.800579710144928
126,1,2026-02-28,14.0,63.0,0.9523809523809523,2.1,0.9829787234042554,3,5,1.4285714285714286,0.21428571428571427,11,0.6333333333333333,0.031746031746031744,0.02991394692870636,"[""LOW_STOCK""]",0.4683,14.449787234042555
127,1,2026-02-28,36.0,143.0,1.078921078921079,4.766666666666667,1.024438902743142,66,6,13.846153846153847,1.8333333333333333,25,0.16666666666666663,0.0,0.02991394692870636,[],0.1008,34.18211138819617
128,1,2026-02-28,2031.0,8989.0,0.968326367147148,299.6333333333333,1.0916772979868963,3020,508,10.078985426632551,1.4869522402757263,6,0.0,0.00022249415952831238,0.02991394692870636,[],0.0638,2289.7203540409823
129,1,2026-02-28,70.0,291.0,1.0309278350515463,9.7,1.0569747580185993,53,12,5.463917525773196,0.7571428571428571,14,0.0,0.006872852233676976,0.02991394692870636,[],0.0528,71.76858606946288
130,1,2026-02-28,9.0,43.0,0.8970099667774086,1.4333333333333333,1.0399999999999998,10,5,6.976744186046512,1.1111111111111112,3,0.7857142857142857,0.09302325581395349,0.02991394692870636,[],0.3665,10.434666666666665
131,1,2026-02-28,27.0,113.0,1.0240202275600505,3.7666666666666666,1.0210378681626928,76,14,20.17699115044248,2.814814814814815,9999,0.0,0.0,0.0,[],0.0531,26.921365123889668
132,1,2026-02-28,7.0,36.0,0.8333333333333334,1.2,0.9087018544935805,21,5,17.5,3.0,9999,0.0,0.0,0.0,[],0.0897,7.633095577746077
133,1,2026-02-28,20.0,87.0,0.9852216748768472,2.9,0.910632383599722,46,9,15.862068965517242,2.3,180,0.5068493150684932,0.011494252873563218,0.024664750957854406,[],0.2397,18.48583738707436
134,1,2026-02-28,7.0,30.0,1.0,1.0,1.0039145907473312,19,5,19.0,2.7142857142857144,127,0.6520547945205479,0.0,0.024664750957854406,[],0.2859,7.027402135231319
135,1,2026-02-28,7.0,32.0,0.9375,1.0666666666666667,1.0127186009538953,21,5,19.6875,3.0,349,0.043835616438356206,0.0625,0.024664750957854406,[],0.0944,7.561632220455752
136,1,2026-02-28,54.0,237.0,0.9764918625678118,7.9,0.9973134328358209,168,31,21.265822784810126,3.111111111111111,802,0.26757990867579906,0.008438818565400843,0.0015880238640228713,[],0.1571,55.1514328358209
137,1,2026-02-28,225.0,918.0,1.0504201680672267,30.6,0.9276331777195114,530,103,17.320261437908496,2.3555555555555556,416,0.6200913242009132,0.0010893246187363835,0.0015880238640228713,[],0.2652,198.69902666751935
138,1,2026-02-28,33.0,134.0,1.0554371002132195,4.466666666666667,0.9665244191559981,77,14,17.238805970149254,2.3333333333333335,802,0.26757990867579906,0.0,0.0015880238640228713,[],0.1407,30.219996838944205
139,1,2026-02-28,8.0,34.0,1.0084033613445378,1.1333333333333333,0.9927272727272726,26,5,22.941176470588236,3.25,1022,0.06666666666666665,0.0,0.0015880238640228713,[],0.0794,7.875636363636363
140,1,2026-02-28,6.0,28.0,0.9183673469387754,0.9333333333333333,1.031958762886598,6,5,6.428571428571429,1.0,570,0.4794520547945206,0.0,0.0015880238640228713,[],0.3412,6.742130584192441
141,1,2026-02-28,29.0,120.0,1.0357142857142856,4.0,0.87978515625,26,14,6.5,0.896551724137931,843,0.23013698630136992,0.0,0.0015880238640228713,[],0.1492,24.633984375
142,1,2026-02-28,12.0,58.0,0.8866995073891625,1.9333333333333333,0.9322939866369712,80,6,41.37931034482759,6.666666666666667,933,0.147945205479452,0.017241379310344827,0.017241379310344827,[],0.1338,12.617045285820343
143,1,2026-02-28,8.0,37.0,0.9266409266409267,1.2333333333333334,0.9867469879518073,2,5,1.6216216216216215,0.25,295,0.1917808219178082,0.0,0.0,"[""LOW_STOCK""]",0.3389,8.518915662650603
144,1,2026-02-28,7.0,30.0,1.0,1.0,1.002131438721137,13,5,13.0,1.8571428571428572,365,0.0,0.0,0.0,[],0.0577,7.01492007104796
145,1,2026-02-28,60.0,262.0,0.9814612868047982,8.733333333333333,0.8345903165735568,107,28,12.251908396946567,1.7833333333333334,150,0.589041095890411,0.0,0.0,[],0.2674,51.02128801986343
146,1,2026-02-28,23.0,94.0,1.0486322188449848,3.1333333333333333,0.8562998405103669,34,8,10.851063829787234,1.4782608695652173,9999,0.0,0.010638297872340425,0.0026595744680851063,[],0.0499,18.781509835194047
147,1,2026-02-28,8.0,33.0,1.0389610389610389,1.1,1.1016393442622952,14,5,12.727272727272727,1.75,9999,0.0,0.0,0.0026595744680851063,[],0.0502,8.482622950819675
148,1,2026-02-28,8.0,40.0,0.8571428571428572,1.3333333333333333,1.0719895287958117,20,5,15.0,2.5,9999,0.0,0.0,0.0026595744680851063,[],0.0852,10.00523560209424
149,1,2026-02-28,2.0,12.0,0.7142857142857142,0.4,1.4772727272727273,3,5,7.5,1.5,9999,0.0,0.0,0.0026595744680851063,"[""SEASONAL_MISMATCH""]",0.2876,4.136363636363637
150,1,2026-02-28,16.0,72.0,0.9523809523809523,2.4,0.7842193620593174,24,12,10.0,1.5,347,0.049315068493150704,0.027777777777777776,0.013888888888888888,[],0.0883,13.174885282596533
151,1,2026-02-28,27.0,109.0,1.0615989515072084,3.6333333333333333,0.8963597430406851,91,18,25.045871559633028,3.3703703703703702,104,0.715068493150685,0.0,0.013888888888888888,[],0.2961,22.797416131334757
152,1,2026-02-28,6.0,27.0,0.9523809523809523,0.9,0.960091743119266,13,5,14.444444444444445,2.1666666666666665,9999,0.0,0.0,0.007936507936507936,[],0.0668,6.048577981651376
153,1,2026-02-28,14.0,63.0,0.9523809523809523,2.1,0.9989708404802744,21,8,10.0,1.5,9999,0.0,0.015873015873015872,0.007936507936507936,[],0.0692,14.684871355060034
154,1,2026-02-28,7.0,30.0,1.0,1.0,0.9778162911611786,11,5,11.0,1.5714285714285714,331,0.0931506849315068,0.0,0.016666666666666666,[],0.0903,6.8447140381282505
155,1,2026-02-28,7.0,30.0,1.0,1.0,0.7420600858369099,4,5,4.0,0.5714285714285714,321,0.1205479452054794,0.03333333333333333,0.016666666666666666,"[""LOW_STOCK""]",0.2549,5.194420600858369
156,1,2026-02-28,14.0,49.0,1.2244897959183672,1.6333333333333333,0.937883008356546,10,5,6.122448979591836,0.7142857142857143,147,0.5972602739726027,0.0,0.0,[],0.2236,10.723129062209843
157,1,2026-02-28,2.0,11.0,0.7792207792207793,0.36666666666666664,1.1503386004514673,43,5,117.27272727272728,21.5,118,0.6767123287671233,0.0,0.0,[],0.337,2.9525357411587656
158,1,2026-02-28,8.0,39.0,0.8791208791208791,1.3,1.0695035460992908,21,7,16.153846153846153,2.625,182,0.5013698630136987,0.02564102564102564,0.0074905597958106725,[],0.2603,9.732482269503546
159,1,2026-02-28,7.0,29.0,1.0344827586206897,0.9666666666666667,0.9578947368421054,22,5,22.75862068965517,3.142857142857143,188,0.4849315068493151,0.034482758620689655,0.0074905597958106725,[],0.226,6.481754385964913
160,1,2026-02-28,16.0,64.0,1.0714285714285714,2.1333333333333333,1.0313333333333332,25,8,11.71875,1.5625,245,0.3287671232876712,0.03125,0.0074905597958106725,[],0.1637,15.401244444444442
161,1,2026-02-28,14.0,55.0,1.0909090909090908,1.8333333333333333,0.8914285714285715,15,6,8.181818181818182,1.0714285714285714,269,0.263013698630137,0.0,0.0074905597958106725,[],0.1323,11.44
162,1,2026-02-28,7.0,24.0,1.25,0.8,1.0176344086021507,1,5,1.25,0.14285714285714285,241,0.3397260273972603,0.0,0.0074905597958106725,"[""LOW_STOCK""]",0.3535,5.6987526881720445
163,1,2026-02-28,11.0,40.0,1.1785714285714286,1.3333333333333333,0.9345314505776636,10,5,7.5,0.9090909090909091,219,0.4,0.0,0.0074905597958106725,[],0.1634,8.722293538724859
164,1,2026-02-28,8.0,35.0,0.9795918367346939,1.1666666666666667,0.9655948553054664,21,5,18.0,2.625,338,0.07397260273972606,0.0,0.0074905597958106725,[],0.0875,7.885691318327977
165,1,2026-02-28,36.0,139.0,1.1099691675231242,4.633333333333334,0.9054313099041533,38,14,8.201438848920862,1.0555555555555556,49,0.7277777777777779,0.0,0.0074905597958106725,[],0.2913,29.366155484558043
166,1,2026-02-28,12.0,50.0,1.0285714285714285,1.6666666666666667,1.0327441860465114,15,7,9.0,1.25,273,0.2520547945205479,0.0,0.0074905597958106725,[],0.1404,12.048682170542634
167,1,2026-02-28,7.0,29.0,1.0344827586206897,0.9666666666666667,1.0344582593250444,19,5,19.655172413793103,2.7142857142857144,358,0.019178082191780854,0.034482758620689655,0.0074905597958106725,[],0.0629,6.999834221432801
168,1,2026-02-28,7.0,32.0,0.9375,1.0666666666666667,1.038255033557047,18,5,16.875,2.5714285714285716,720,0.013698630136986356,0.0,0.0074905597958106725,[],0.0745,7.752304250559285
169,1,2026-02-28,18.0,80.0,0.9642857142857143,2.6666666666666665,0.9267896678966788,14,9,5.25,0.7777777777777778,171,0.5315068493150685,0.0,0.0074905597958106725,[],0.3061,17.300073800738
170,1,2026-02-28,8.0,31.0,1.1059907834101381,1.0333333333333334,0.98212478920742,17,5,16.451612903225804,2.125,150,0.16666666666666663,0.0,0.0074905597958106725,[],0.0956,7.1040359752670055
171,1,2026-02-28,8.0,32.0,1.0714285714285714,1.0666666666666667,0.966095890410959,12,5,11.25,1.5,323,0.1150684931506849,0.0625,0.0074905597958106725,[],0.0936,7.213515981735161
172,1,2026-02-28,10.0,44.0,0.974025974025974,1.4666666666666666,0.9037974683544303,29,7,19.772727272727273,2.9,106,0.7095890410958905,0.022727272727272728,0.0074905597958106725,[],0.3145,9.278987341772151
173,1,2026-02-28,0.0,2.0,0.0,0.06666666666666667,1.4468619246861925,8,5,120.0,9999.0,9999,0.0,0.0,0.017857142857142856,[],0.3,0.6752022315202232
174,1,2026-02-28,7.0,30.0,1.0,1.0,1.027906976744186,11,5,11.0,1.5714285714285714,480,0.5616438356164384,0.06666666666666667,0.017857142857142856,[],0.2643,7.195348837209302
175,1,2026-02-28,15.0,70.0,0.9183673469387754,2.3333333333333335,0.9752561071710006,42,8,18.0,2.8,904,0.17442922374429226,0.02857142857142857,0.017857142857142856,[],0.1387,15.929183083793014
176,1,2026-02-28,13.0,59.0,0.9443099273607748,1.9666666666666666,1.0348375451263538,18,7,9.152542372881356,1.3846153846153846,365,0.6666666666666667,0.03389830508474576,0.02007136485280999,[],0.3068,14.246263537906136
177,1,2026-02-28,7.0,27.0,1.111111111111111,0.9,1.0926243567753002,10,5,11.11111111111111,1.4285714285714286,3,0.9972602739726028,0.0,0.02007136485280999,"[""NEAR_EXPIRY""]",0.3854,6.883533447684392
178,1,2026-02-28,4.0,22.0,0.7792207792207793,0.7333333333333333,1.005524861878453,14,5,19.090909090909093,3.5,501,0.5424657534246575,0.045454545454545456,0.022727272727272728,[],0.2968,5.161694290976058
179,1,2026-02-28,7.0,30.0,1.0,1.0,1.0165765765765766,6,5,6.0,0.8571428571428571,903,0.1753424657534246,0.0,0.022727272727272728,[],0.2191,7.116036036036037
180,1,2026-02-28,16.0,63.0,1.0884353741496597,2.1,0.9668749999999999,18,5,8.571428571428571,1.125,1,0.5,0.047619047619047616,0.02991394692870636,[],0.2228,14.2130625
181,1,2026-02-28,21.0,90.0,1.0,3.0,0.9190611664295875,44,5,14.666666666666666,2.0952380952380953,2,0.6,0.03333333333333333,0.016666666666666666,[],0.2727,19.300284495021337
182,1,2026-02-28,11.0,51.0,0.9243697478991597,1.7,0.927765726681128,15,5,8.823529411764707,1.3636363636363635,1,0.8,0.0,0.016666666666666666,"[""NEAR_EXPIRY""]",0.3522,11.040412147505423
183,1,2026-02-28,43.0,187.0,0.985485103132162,6.233333333333333,0.9952153110047847,99,6,15.882352941176471,2.302325581395349,4,0.0,0.0,0.020174001432968436,[],0.0605,43.42456140350877
184,1,2026-02-28,17.0,82.0,0.8885017421602787,2.7333333333333334,1.0829174664107486,168,5,61.46341463414634,9.882352941176471,9,0.3571428571428571,0.04878048780487805,0.020174001432968436,[],0.2115,20.719820857325654
185,1,2026-02-28,16.0,80.0,0.8571428571428572,2.6666666666666665,1.0137305699481864,53,5,19.875,3.3125,8,0.6190476190476191,0.0,0.020174001432968436,[],0.3018,18.922970639032812
186,1,2026-02-28,12.0,51.0,1.0084033613445378,1.7,1.0903225806451613,9,5,5.294117647058823,0.75,2,0.6,0.0196078431372549,0.020174001432968436,[],0.294,12.97483870967742
187,1,2026-02-28,84.0,364.0,0.989010989010989,12.133333333333333,1.0086822237474264,100,13,8.241758241758243,1.1904761904761905,3,0.0,0.01098901098901099,0.020174001432968436,[],0.0615,85.6707435369481
188,1,2026-02-28,19.0,72.0,1.130952380952381,2.4,1.0817236255572065,26,5,10.833333333333334,1.368421052631579,4,0.19999999999999996,0.041666666666666664,0.020174001432968436,[],0.1088,18.17295690936107
189,1,2026-02-28,7.0,31.0,0.9677419354838709,1.0333333333333334,0.7225806451612903,11,12,10.64516129032258,1.5714285714285714,9999,0.0,0.0,0.06388888888888888,"[""LOW_STOCK""]",0.1993,5.2266666666666675
190,1,2026-02-28,8.0,45.0,0.7619047619047619,1.5,0.7076769690927219,11,15,7.333333333333333,1.375,9999,0.0,0.06666666666666667,0.06388888888888888,[],0.2718,7.43060817547358
191,1,2026-02-28,7.0,32.0,0.9375,1.0666666666666667,0.7207920792079208,10,12,9.375,1.4285714285714286,9999,0.0,0.125,0.06388888888888888,"[""LOW_STOCK""]",0.2343,5.381914191419142
192,1,2026-02-28,9.0,39.0,0.989010989010989,1.3,0.7121019108280255,31,12,23.846153846153847,3.4444444444444446,9999,0.0,0.05128205128205128,0.017094017094017092,[],0.0675,6.480127388535032
193,1,2026-02-28,14.0,57.0,1.0526315789473684,1.9,0.6530421216848674,39,14,20.526315789473685,2.7857142857142856,9999,0.0,0.0,0.017094017094017092,[],0.0476,8.685460218408735
194,1,2026-02-28,7.0,31.0,0.9677419354838709,1.0333333333333334,0.7262394195888755,15,9,14.516129032258062,2.142857142857143,9999,0.0,0.0,0.017094017094017092,[],0.1056,5.2531318016928665
195,1,2026-02-28,6.0,28.0,0.9183673469387754,0.9333333333333333,0.9967545638945233,14,5,15.0,2.3333333333333335,9999,0.0,0.03571428571428571,0.08035714285714285,[],0.0787,6.512129817444219
196,1,2026-02-28,6.0,24.0,1.0714285714285714,0.8,1.058139534883721,17,6,21.25,2.8333333333333335,9999,0.0,0.125,0.08035714285714285,[],0.0627,5.925581395348838
197,1,2026-02-28,4.0,23.0,0.7453416149068323,0.7666666666666667,1.0077181208053694,21,5,27.391304347826086,5.25,9999,0.0,0.043478260869565216,0.02986968054434321,[],0.1132,5.40808724832215
198,1,2026-02-28,258.0,1131.0,0.9776430466085638,37.7,0.8748010999083411,599,180,15.888594164456233,2.3217054263565893,9999,0.0,0.002652519893899204,0.02986968054434321,[],0.0624,230.86001026581124
199,1,2026-02-28,5.0,23.0,0.9316770186335404,0.7666666666666667,0.8900505902192244,8,5,10.434782608695652,1.6,933,0.147945205479452,0.043478260869565216,0.02986968054434321,[],0.1791,4.776604834176505
200,1,2026-02-28,0.0,0.0,0.0,0.0,1.348148148148148,4,5,9999.0,9999.0,139,0.6191780821917808,0.0,0.0074905597958106725,[],0.6167,0.0
<<<<<<< HEAD
201,1,2026-02-28,900.0,3000.0,1.8,120.0,1.3,5,100,0.04,0.05,9999,0.0,0.0,0.0,"[""LOW_STOCK""]",0.85,950.0
202,1,2026-02-28,80.0,400.0,0.7,10.0,0.9,500,50,50.0,6.0,9999,0.0,0.0,0.0,"[""NEAR_EXPIRY""]",0.9,60.0
203,1,2026-02-28,40.0,200.0,0.8,6.0,1.0,200,40,30.0,5.0,2,0.95,0.0,0.0,"[""NEAR_EXPIRY""]",0.75,35.0
204,1,2026-02-28,60.0,250.0,1.1,8.0,1.0,10,80,1.2,0.5,9999,0.0,0.0,0.0,"[""LOW_STOCK""]",0.45,70.0
205,1,2026-02-28,10.0,500.0,0.2,1.0,1.0,300,50,100.0,10.0,9999,0.0,0.0,0.0,"[""STAGNANT""]",0.25,5.0
206,1,2026-02-28,70.0,200.0,0.9,10.0,0.5,200,60,20.0,3.0,9999,0.0,0.0,0.0,"[""SEASONAL_MISMATCH""]",0.75,65.0
207,1,2026-02-28,100.0,400.0,1.0,15.0,1.0,200,50,15.0,2.0,9999,0.0,0.0,0.0,"[]",0.5,95.0
208,1,2026-02-28,80.0,300.0,1.0,12.0,1.0,300,50,25.0,3.0,9999,0.0,0.0,0.0,"[]",0.2,85.0
=======
201,1,2026-02-28,900.0,3000.0,1.8,120.0,1.3,5,100,0.04,0.05,9999,0.85,0.0,0.0,"[""LOW_STOCK""]",0.85,950.0
202,1,2026-02-28,80.0,400.0,0.7,10.0,0.9,500,50,50.0,6.0,9999,0.9,0.0,0.0,"[""NEAR_EXPIRY"",""STAGNANT""]",0.9,60.0
203,1,2026-02-28,40.0,200.0,0.8,6.0,1.0,200,40,30.0,5.0,2,0.95,0.0,0.0,"[""NEAR_EXPIRY""]",0.75,35.0
204,1,2026-02-28,60.0,250.0,1.1,8.0,1.0,10,80,1.2,0.5,9999,0.45,0.0,0.0,"[""LOW_STOCK""]",0.45,70.0
205,1,2026-02-28,10.0,500.0,0.2,1.0,1.0,300,50,100.0,10.0,9999,0.25,0.0,0.0,"[""STAGNANT""]",0.25,5.0
206,1,2026-02-28,70.0,200.0,0.9,10.0,0.5,200,60,20.0,3.0,9999,0.75,0.0,0.0,"[""SEASONAL_MISMATCH""]",0.75,65.0
207,1,2026-02-28,100.0,400.0,1.0,15.0,1.0,200,50,15.0,2.0,9999,0.5,0.0,0.0,"[]",0.5,95.0
208,1,2026-02-28,80.0,300.0,1.0,12.0,1.0,300,50,25.0,3.0,9999,0.2,0.0,0.0,"[]",0.2,85.0
>>>>>>> 4b7054477534506885cd5590b0a9c806aafe7247
